step_index,time_s,time_us,alpha1_rad_s,alpha2_rad_s,alpha1_khz,alpha2_khz
0,2.2580000000000001e-05,22.580000000000002,1789162.5543420429,0,284.75406451845794,0
1,6.7739999999999999e-05,67.739999999999995,2449228.9161871322,87836.769443500118,389.80688877478758,13.979656042156194
2,0.00011290000000000001,112.90000000000001,127362.57798500545,4433.5463824113976,20.270383851240627,0.70562082218796451
3,0.00015806000000000001,158.06,2255430.7010820694,50068.341701947029,358.96294487843039,7.9686240742789503
4,0.00020322,203.22,1769335.145656832,0,281.59843441750348,0
