step,close_fidelity,open_fidelity,raw_fidelity,l1_penalty,l2_penalty,cost_function,gradient_norm
0,0.84052118055058522,0.83965447455347997,0.83965447455347997,0.0073417124862762114,0.0032324839042752397,0.82908027816292851,0.2831440030315312
1,0.8642170182280311,0.86333385569478005,0.86333385569478005,0.0072223094904621012,0.0035996944955715882,0.85251185170874633,0.62329588988276963
