step,close_fidelity,open_fidelity,raw_fidelity,l1_penalty,l2_penalty,cost_function,gradient_norm
0,0.34295664087599009,0.34462263922795772,0.34462263922795772,0.11171390300469068,0.023141915596718743,0.20976682062654828,3.1340393061926419
