step_index,time_s,time_us,alpha1_rad_s,alpha2_rad_s,alpha1_khz,alpha2_khz
0,2.2580000000000001e-05,22.580000000000002,2606691.5003134431,0,414.86783739051333,0
1,6.7739999999999999e-05,67.739999999999995,945577.21508703125,92503.934189755615,150.49328785616936,14.722458381746987
2,0.00011290000000000001,112.90000000000001,172527.33365982794,106764.50344764849,27.458577970426358,16.992098470444962
3,0.00015806000000000001,158.06,552783.95935272868,108864.51230637047,87.978299592896121,17.326325260847334
4,0.00020322,203.22,3621221.2879732326,0,576.33526801053983,0
