step,close_fidelity,open_fidelity,raw_fidelity,l1_penalty,l2_penalty,cost_function,gradient_norm
0,0.42327561738703123,0.71753449659403368,0.71753449659403368,0,0.0010386729995582051,0.7164958235944755,11.416630630764116
1,0.39858446231325551,2.918158810786899,2.918158810786899,0,0.0011019119313276692,2.9170568988555714,35.420897102434729
