step,close_fidelity,open_fidelity,raw_fidelity,l1_penalty,l2_penalty,cost_function,gradient_norm
0,0.99899915714500076,0.99917931219997025,0.99917931219997025,0,5.1719416125851148e-05,0.99912759278384444,0.096856322676953752
1,0.99821838509121785,0.99952493015948574,0.99952493015948574,0,4.6309467292718768e-05,0.99947862069219306,0.11953073158964846
