step,close_fidelity,open_fidelity,raw_fidelity,l1_penalty,l2_penalty,cost_function,gradient_norm
0,0.96410299175359593,0.96382804206266981,0.96382804206266981,0.0065326237921249268,0.00071307930658634966,0.9565823389639585,2.1956374036368138
1,0.99663128457087535,0.99590318818498225,0.99590318818498225,0.0065520155028158155,0.00072034462608176351,0.98863082805608471,0.41064221704538401
