step,close_fidelity,open_fidelity,raw_fidelity,l1_penalty,l2_penalty,cost_function,gradient_norm
0,0.57260010272886053,0.57190181303744658,0.57190181303744658,0.25993673058219846,0.25104593942083142,0.060919143034416701,0.064305291388198418
1,0.57426799656237626,0.57354122967174592,0.57354122967174592,0.18185760234835888,0.10982446953253443,0.28185915779085263,0.049835113833735629
2,0.57757985102862208,0.57682506384143306,0.57682506384143306,0.070510798950220194,0.010168619049404625,0.49614564584180826,0.02647671755486997
3,0.58019911462014606,0.57941901496121351,0.57941901496121351,0.051483721545312916,0.0053606062356777243,0.52257468718022282,0.02709643649538283
