step,close_fidelity,open_fidelity,raw_fidelity,l1_penalty,l2_penalty,cost_function,gradient_norm
0,0.41688618373186032,0.4261790518259877,0.4261790518259877,0.079993831605058005,9.2099622144635187e-06,0.34617601025871525,11.340421006548308
1,0.62295644062434885,0.68169649152500411,0.68169649152500411,0.086193823112149667,0.0021376865400960792,0.59336498187275832,1.0699177922123142
2,0.92660348171789064,0.927771536840441,0.927771536840441,0.08534169903148385,0.00079117569567484268,0.84163866211328231,1.4783231117691513
3,0.93617268101490236,0.93618834546637819,0.93618834546637819,0.08827808840997331,0.0025793411706223719,0.84533091588578246,1.3531488703140901
4,0.94189890744128557,0.94012836367140062,0.94012836367140062,0.088437260359658154,0.0014770703897700049,0.85021403292197251,1.3324207413099545
5,0.96130363656108231,0.95571336413953101,0.95571336413953101,0.088826953982410098,0.0025886244058352039,0.86429778575128569,1.1802430575083891
6,0.96130363656108297,0.95571336413953123,0.95571336413953123,0.088826953982410084,0.0025886244058351787,0.86429778575128591,1.1802430575083904
