step,close_fidelity,open_fidelity,raw_fidelity,l1_penalty,l2_penalty,cost_function,gradient_norm
0,0.3323100896056872,2.1951525757192574,2.1951525757192574,0.1251320768401179,0.031388411850795682,2.0386320870283439,13.811390191717233
1,0.32715325028851111,2.2359437849888928,2.2359437849888928,0.12512436483681577,0.03138470275833969,2.0794347173937373,18.904084248191772
2,0.31553206930650657,2.3035096923420748,2.3035096923420748,0.12511478569364395,0.03137911612539792,2.1470157905230329,21.354311465313511
3,0.25886836232719801,2.5460481099702323,2.5460481099702323,0.12505909600819887,0.031345165720586841,2.3896438482414468,16.981487664424076
4,0.20089754175494637,2.7494703788216377,2.7494703788216377,0.12499807713013673,0.03130833105023894,2.5931639706412621,20.393534400498307
