step,close_fidelity,open_fidelity,raw_fidelity,l1_penalty,l2_penalty,cost_function,gradient_norm
0,0.9566082761916993,0.95522367949977061,0.95522367949977061,0,0,0.95522367949977061,0.45392015225714943
1,0.99950428244835576,0.9979178527299758,0.9979178527299758,0,0,0.9979178527299758,0.056857403837941294
2,0.99983059173071842,0.99816643937199168,0.99816643937199168,0,0,0.99816643937199168,0.072829225119887556
3,0.99985613535455298,0.99823158302823889,0.99823158302823889,0,0,0.99823158302823889,0.06204299690421524
4,0.99994885387453758,0.9983487966701684,0.9983487966701684,0,0,0.9983487966701684,0.028908579252112581
