step,close_fidelity,open_fidelity,raw_fidelity,l1_penalty,l2_penalty,cost_function,gradient_norm
0,0.44849758431738623,1.1255084690591473,1.1255084690591473,0,0.0032040558059581075,1.1223044132531892,18.438333354825307
1,0.38023859114727843,1.968010264670462,1.968010264670462,0,0.013782749522699693,1.9542275151477624,23.579350223486255
