step_index,time_s,time_us,alpha1_rad_s,alpha2_rad_s,alpha1_khz,alpha2_khz
0,2.2580000000000001e-05,22.580000000000002,2606704.5247240872,0,414.86991028984824,0
1,6.7739999999999999e-05,67.739999999999995,815057.64451299119,96778.773461043151,129.72045302907938,15.402820182695756
2,0.00011290000000000001,112.90000000000001,6283.1853071795776,111698.35946269424,0.99999999999999867,17.777346043743172
3,0.00015806000000000001,158.06,534405.24232034921,113895.41500832688,85.053235929505718,18.127018294078066
4,0.00020322,203.22,3614349.9541898435,0,575.24166127327908,0
