step_index,time_s,time_us,alpha1_rad_s,alpha2_rad_s,alpha1_khz,alpha2_khz
0,2.2580000000000001e-05,22.580000000000002,2604527.8489982854,0,414.5234815885787,0
1,6.7739999999999999e-05,67.739999999999995,2470602.6473108493,125663.70614359171,393.20862373544423,20
2,0.00011290000000000001,112.90000000000001,399390.87127074529,125663.70614359171,63.565031388517973,20
3,0.00015806000000000001,158.06,562122.03399039828,125663.70614359171,89.464500330442306,20
4,0.00020322,203.22,3618967.2706488529,0,575.97653001155004,0
