step,close_fidelity,open_fidelity,raw_fidelity,l1_penalty,l2_penalty,cost_function,gradient_norm
0,0.42327561738703123,0.42817651601951034,0.42817651601951034,0.0065454890331068539,0.0010386729995582051,0.4205923539868453,1.7935358380219197
1,0.87636905588175507,0.87722698700262736,0.87722698700262736,0.0068827043366380385,0.001925150835236075,0.86841913183075325,2.4407439457877715
