step_index,time_s,time_us,alpha1_rad_s,alpha2_rad_s,alpha1_khz,alpha2_khz
0,2.2580000000000001e-05,22.580000000000002,1788257.2490763245,0,284.60998071041178,0
1,6.7739999999999999e-05,67.739999999999995,2521621.6672773492,85394.788353350305,401.32855295481676,13.591002680721916
2,0.00011290000000000001,112.90000000000001,185131.12653132714,781.48258307677315,29.46453390763185,0.12437681603689121
3,0.00015806000000000001,158.06,2268028.0580921778,50388.608139083823,360.96787651648248,8.0195960608557009
4,0.00020322,203.22,1768476.6946653302,0,281.46180769880385,0
