step_index,time_s,time_us,alpha1_rad_s,alpha2_rad_s,alpha1_khz,alpha2_khz
0,2.2580000000000001e-05,22.580000000000002,1789178.2055640088,0,284.75655548779929,0
1,6.7739999999999999e-05,67.739999999999995,2312618.0705918437,81687.355831571796,368.06459741833373,13.000946468701216
2,0.00011290000000000001,112.90000000000001,6283.1853071795776,11270.369921909238,0.99999999999999867,1.7937350835460737
3,0.00015806000000000001,158.06,1928631.719071483,48870.412035911104,306.95127149404618,7.7779676464529093
4,0.00020322,203.22,1769323.2704104814,0,281.59654441334635,0
