step,close_fidelity,open_fidelity,raw_fidelity,l1_penalty,l2_penalty,cost_function,gradient_norm
0,0.84052118055058522,0.83831475334107042,0.83831475334107042,0,0.0032324839042752397,0.8350822694367952,0.39742656167406509
1,0.71987271812909159,1.1320837591246531,1.1320837591246531,0,0.0028866478167076277,1.1291971113079455,15.216715091497623
