step,close_fidelity,open_fidelity,raw_fidelity,l1_penalty,l2_penalty,cost_function,gradient_norm
0,0.41688618373186032,0.4261790518259877,0.4261790518259877,0,0,0.4261790518259877,11.336567873557444
1,0.62374170914206384,0.68329112889097132,0.68329112889097132,0,0,0.68329112889097132,1.034286160204126
2,0.91269151472109122,0.9155502405979854,0.9155502405979854,0,0,0.9155502405979854,1.5565517571898406
