step,close_fidelity,open_fidelity,raw_fidelity,l1_penalty,l2_penalty,cost_function,gradient_norm
0,0.41234570776911117,1.034373376302107,1.034373376302107,0,0.012367441625222591,1.0220059346768844,18.721354387756858
1,0.47381651648679823,1.2308547470472235,1.2308547470472235,0,0.012561841437194826,1.2182929056100287,12.366902351094222
