step,close_fidelity,open_fidelity,raw_fidelity,l1_penalty,l2_penalty,cost_function,gradient_norm
0,0.44849758431738623,1.1255084690591473,1.1255084690591473,0,0.0032087872748208604,1.1222996817843265,18.43831102608582
1,0.38023859114727887,1.9680102646704694,1.9680102646704694,0,0.013782749522699693,1.9542275151477697,23.579350223486632
