step,close_fidelity,open_fidelity,raw_fidelity,l1_penalty,l2_penalty,cost_function,gradient_norm
0,0.96410299175359593,0.97465500330093879,0.97465500330093879,0,0.00071307930658634966,0.97394192399435242,1.1167006846977445
1,0.34929209240952075,2.9661113747430403,2.9661113747430403,0,0.00099962588681578647,2.9651117488562244,43.992640645383773
