step,close_fidelity,open_fidelity,raw_fidelity,l1_penalty,l2_penalty,cost_function,gradient_norm
0,0.41688618373186032,0.41698918817680253,0.30242801070109632,0,6.1399748096423458e-08,0.3024279493013482,12.535328499812067
1,0.65717226672015183,0.65648638759023092,0.59040269756545982,0,4.3732481362295158e-05,0.59035896508409758,10.270176028474449
